Country,UN_R/P_10%,UN_R/P_20%,WB_Gini_%,WB_Gini_Year,All,Male,Female,2019_rank,2019,2018_rank,2018,2017_rank,2017,2016_rank,2016,2015_rank,2015,2014_rank,2014,2013_rank,2013,2012_rank,2012,2011_rank,2011,2010_rank,2010,2009_rank,2009,2008_rank,2008,gpi_at_gini_year
Afghanistan,,,30.0,2018,6.0,6.2,5.7,158,3.3,159,3.35,159,3.347,159,3.391,157,3.293,161,3.321,162,3.353,162,3.442,161,3.392,160,3.485,160,3.426,160,3.35,3.35
Albania,7.2,4.2,33.2,2017,3.7,5.3,2.2,51,1.821,53,1.843,60,1.92,61,1.9,64,1.948,67,1.96,71,1.995,63,1.976,62,1.938,59,1.912,62,1.916,69,1.943,1.92
Algeria,9.6,4.0,27.6,2011,2.6,3.3,1.9,111,2.219,109,2.188,107,2.188,106,2.197,121,2.261,119,2.283,122,2.314,125,2.355,140,2.512,130,2.37,126,2.347,127,2.347,2.512
Angola,,9.0,51.3,2018,12.6,21.7,4.7,77,2.012,80,2.031,74,2.007,88,2.073,77,2.008,96,2.115,87,2.094,90,2.105,82,2.074,80,2.02,84,2.021,93,2.069,2.031
Argentina,31.6,8.8,41.4,2018,8.1,13.5,3.3,75,1.989,67,1.955,76,2.012,93,2.096,90,2.082,77,2.019,93,2.117,68,1.984,73,2.007,72,2.0,71,1.962,52,1.859,1.955
Armenia,8.0,5.0,34.4,2018,2.7,4.9,1.0,118,2.294,121,2.302,117,2.258,114,2.225,116,2.243,114,2.253,126,2.332,123,2.329,123,2.331,129,2.368,127,2.356,125,2.344,2.302
Australia,12.5,6.3,34.4,2014,11.3,17.0,5.6,13,1.419,12,1.398,11,1.387,12,1.4,7,1.367,10,1.387,13,1.451,15,1.497,11,1.447,8,1.393,9,1.391,7,1.367,1.387
Austria,6.9,4.9,29.7,2017,10.4,16.6,4.6,4,1.291,3,1.273,4,1.292,4,1.249,4,1.264,4,1.287,4,1.309,7,1.407,9,1.416,5,1.383,5,1.369,5,1.337,1.292
Azerbaijan,9.7,,26.6,2005,4.0,6.6,1.5,130,2.425,133,2.447,134,2.457,134,2.441,133,2.425,133,2.412,134,2.459,131,2.404,127,2.387,131,2.382,131,2.394,123,2.336,2.425
Bahrain,,,30.0,2018,7.2,9.9,2.3,124,2.357,129,2.404,132,2.41,132,2.347,110,2.228,120,2.287,107,2.2,100,2.168,117,2.287,53,1.871,66,1.932,67,1.924,2.404
Bangladesh,7.5,4.8,32.4,2016,3.9,6.0,1.7,101,2.128,92,2.078,86,2.036,81,2.046,79,2.027,87,2.086,100,2.154,102,2.188,100,2.157,98,2.156,94,2.076,99,2.101,2.046
Belarus,6.9,3.6,25.2,2018,16.5,30.1,5.3,97,2.115,101,2.112,99,2.106,105,2.18,118,2.244,108,2.207,113,2.234,113,2.28,110,2.236,107,2.204,110,2.202,110,2.187,2.112
Belgium,8.2,4.2,27.4,2017,13.9,19.6,8.4,18,1.533,21,1.538,20,1.536,16,1.47,15,1.437,15,1.442,15,1.473,14,1.493,18,1.5,18,1.517,17,1.504,16,1.494,1.536
Benin,9.4,16.3,47.8,2015,12.7,20.3,6.1,72,1.986,72,1.975,83,2.028,73,1.997,74,1.975,93,2.101,95,2.126,105,2.212,113,2.261,111,2.213,112,2.214,113,2.218,1.975
Bhutan,,6.6,37.4,2017,5.1,6.8,3.1,15,1.506,17,1.521,25,1.604,23,1.572,27,1.638,35,1.66,33,1.679,38,1.75,60,1.932,66,1.95,59,1.902,58,1.881,1.604
Bolivia,93.9,11.8,42.2,2018,6.8,9.6,4.2,85,2.044,81,2.033,76,2.012,78,2.017,87,2.071,91,2.096,101,2.165,97,2.146,79,2.046,91,2.115,95,2.084,80,2.011,2.033
Bosnia and Herzegovina,5.4,5.4,33.0,2011,8.3,13.5,3.4,81,2.019,90,2.063,87,2.042,62,1.942,68,1.955,58,1.895,63,1.94,64,1.98,66,1.953,64,1.943,63,1.922,62,1.912,1.953
Botswana,43.0,15.0,53.3,2015,20.2,35.5,7.8,30,1.676,31,1.682,29,1.641,28,1.633,31,1.663,40,1.766,32,1.676,33,1.702,32,1.709,29,1.691,32,1.712,41,1.757,1.663
Brazil,16.5,21.1,53.9,2018,6.4,10.3,2.8,116,2.271,106,2.159,109,2.195,104,2.169,103,2.163,85,2.078,77,2.047,75,2.043,72,2.005,81,2.022,79,2.002,75,1.993,2.159
Bulgaria,7.0,7.3,40.4,2017,6.5,10.6,2.9,26,1.607,26,1.632,28,1.631,30,1.641,32,1.684,26,1.619,37,1.712,31,1.693,29,1.651,32,1.709,35,1.733,35,1.708,1.631
Burkina Faso,11.6,5.3,35.3,2014,14.4,24.5,6.5,104,2.176,78,2.023,95,2.074,82,2.047,56,1.896,49,1.824,59,1.91,40,1.772,38,1.75,41,1.791,47,1.826,61,1.893,1.824
Burundi,19.3,6.7,38.6,2013,12.1,18.9,6.4,135,2.52,136,2.502,140,2.605,138,2.507,127,2.327,122,2.312,133,2.44,137,2.48,131,2.413,140,2.502,136,2.44,139,2.442,2.44
Cambodia,12.2,,30.0,2018,5.5,8.4,3.1,89,2.066,97,2.101,75,2.01,95,2.101,94,2.105,103,2.175,108,2.217,111,2.251,106,2.204,109,2.206,114,2.233,102,2.124,2.101
Cameroon,15.7,11.5,46.6,2014,15.9,25.2,7.6,138,2.538,134,2.473,131,2.373,127,2.3,125,2.296,89,2.094,77,2.047,89,2.104,87,2.111,106,2.183,97,2.091,85,2.037,2.094
Canada,9.4,6.2,33.8,2013,10.3,15.3,5.4,6,1.327,6,1.338,6,1.332,6,1.337,6,1.337,5,1.325,6,1.342,11,1.438,12,1.46,17,1.5,11,1.418,9,1.374,1.342
Central African Republic,69.2,18.5,56.2,2008,23.0,39.6,9.3,157,3.296,156,3.276,156,3.242,158,3.313,158,3.41,158,3.255,155,2.981,153,2.861,153,2.805,148,2.765,147,2.81,153,2.899,2.899
Chad,,10.0,43.3,2011,13.2,20.2,6.9,137,2.522,135,2.496,138,2.56,136,2.476,141,2.54,143,2.559,136,2.477,147,2.684,150,2.758,154,3.028,154,2.98,154,2.912,2.758
Chile,26.2,11.2,44.4,2017,8.0,13.4,3.0,27,1.634,28,1.646,24,1.603,27,1.623,26,1.633,31,1.649,30,1.669,29,1.687,41,1.783,37,1.755,34,1.718,32,1.695,1.603
China,21.6,10.2,38.5,2016,6.7,8.6,4.8,110,2.217,112,2.247,115,2.254,122,2.276,124,2.284,110,2.235,112,2.224,109,2.238,112,2.255,117,2.247,109,2.185,109,2.175,2.276
Colombia,60.4,13.4,50.4,2018,3.7,6.0,1.7,143,2.661,145,2.729,146,2.754,145,2.74,147,2.774,150,2.738,148,2.669,148,2.712,152,2.8,150,2.908,150,2.841,152,2.891,2.729
Costa Rica,23.4,12.3,48.0,2018,7.6,13.3,1.9,33,1.706,38,1.766,34,1.7,34,1.705,34,1.706,44,1.781,45,1.801,36,1.74,43,1.793,27,1.654,24,1.631,25,1.619,1.766
Croatia,7.3,5.3,30.4,2017,11.0,17.7,5.1,28,1.645,27,1.639,32,1.674,32,1.665,30,1.662,32,1.656,34,1.688,34,1.723,39,1.761,39,1.773,48,1.84,49,1.814,1.674
Cuba,,,30.0,2018,10.2,16.7,4.1,91,2.073,84,2.046,91,2.063,87,2.072,89,2.079,86,2.084,81,2.064,80,2.078,78,2.037,85,2.062,91,2.063,94,2.07,2.046
Cyprus,,5.3,31.4,2017,3.2,5.3,1.1,48,1.805,60,1.898,54,1.87,56,1.876,59,1.903,57,1.875,42,1.794,42,1.792,46,1.827,58,1.909,65,1.929,77,2.005,1.87
Denmark,8.1,4.0,28.7,2017,7.6,11.1,4.2,5,1.316,4,1.313,5,1.299,2,1.201,2,1.179,2,1.179,2,1.197,2,1.235,3,1.29,4,1.334,3,1.269,3,1.272,1.299
Djibouti,,8.8,44.6,2017,11.9,16.3,7.6,109,2.207,113,2.265,110,2.209,125,2.282,104,2.185,75,2.007,69,1.965,73,2.009,85,2.099,84,2.061,92,2.07,95,2.082,2.209
Dominican Republic,25.3,10.5,43.7,2018,5.1,8.5,1.9,84,2.041,91,2.073,100,2.11,100,2.129,98,2.134,97,2.121,91,2.11,90,2.105,93,2.136,95,2.123,76,1.998,74,1.992,2.073
Ecuador,35.2,10.7,45.4,2018,7.7,11.9,3.6,71,1.98,68,1.962,66,1.952,77,2.015,82,2.04,88,2.089,94,2.119,96,2.138,99,2.156,112,2.216,118,2.28,115,2.244,1.962
Egypt,8.0,4.6,31.5,2017,3.4,4.7,2.2,136,2.521,143,2.657,139,2.602,140,2.562,136,2.438,146,2.639,128,2.353,120,2.317,89,2.128,63,1.939,70,1.96,90,2.052,2.602
El Salvador,38.6,7.0,38.6,2018,6.1,11.1,2.1,113,2.262,115,2.272,114,2.252,116,2.237,122,2.281,105,2.178,102,2.178,110,2.25,105,2.203,104,2.173,98,2.108,92,2.059,2.272
Estonia,10.8,5.4,30.4,2017,12.0,20.2,4.5,37,1.727,33,1.732,36,1.716,36,1.72,39,1.727,32,1.656,39,1.753,39,1.771,42,1.792,42,1.798,40,1.773,36,1.718,1.716
Eswatini,25.1,14.2,54.6,2016,40.5,78.7,6.4,72,1.986,82,2.04,82,2.026,91,2.091,97,2.126,99,2.134,96,2.129,87,2.095,80,2.049,77,2.016,76,1.998,79,2.009,2.091
Ethiopia,6.6,7.1,35.0,2015,9.5,14.2,5.2,131,2.434,131,2.426,127,2.345,121,2.275,123,2.283,129,2.381,140,2.542,145,2.652,141,2.568,142,2.581,148,2.813,146,2.588,2.283
Finland,5.6,3.9,27.4,2017,13.4,20.1,6.8,14,1.488,14,1.505,18,1.527,15,1.447,11,1.399,9,1.383,8,1.385,5,1.385,8,1.414,10,1.41,10,1.416,13,1.409,1.527
France,9.1,5.2,31.6,2017,9.7,15.2,4.5,60,1.892,58,1.887,53,1.869,55,1.873,49,1.816,52,1.842,56,1.901,57,1.896,48,1.84,52,1.866,53,1.863,50,1.853,1.869
Gabon,,7.4,38.0,2017,13.1,23.3,3.8,96,2.112,95,2.096,85,2.032,75,2.007,72,1.959,62,1.936,73,2.006,78,2.064,86,2.105,87,2.079,74,1.99,73,1.986,2.032
Georgia,15.4,7.1,36.4,2018,7.7,14.0,2.2,99,2.122,102,2.118,97,2.096,100,2.129,102,2.159,121,2.311,144,2.6,146,2.671,145,2.667,155,3.107,153,2.95,148,2.87,2.118
Germany,6.9,5.1,31.9,2016,8.3,12.8,3.9,22,1.547,18,1.527,17,1.515,17,1.487,17,1.482,17,1.475,21,1.555,25,1.62,25,1.621,24,1.633,22,1.613,21,1.592,1.487
Ghana,14.1,10.3,43.5,2016,10.5,20.0,1.8,44,1.796,39,1.772,45,1.808,44,1.796,46,1.8,47,1.805,43,1.795,43,1.804,40,1.78,43,1.803,43,1.799,40,1.753,1.796
Greece,10.2,7.1,34.4,2017,3.6,5.9,1.5,65,1.933,79,2.028,80,2.02,80,2.038,70,1.958,95,2.108,82,2.071,77,2.063,75,2.012,70,1.985,61,1.915,63,1.913,2.02
Guatemala,33.9,11.9,48.3,2014,6.2,10.3,2.5,114,2.264,110,2.21,113,2.243,122,2.276,112,2.229,112,2.249,114,2.261,122,2.326,119,2.311,105,2.181,104,2.158,111,2.19,2.249
Guinea,10.5,5.5,33.7,2012,13.5,18.5,8.8,100,2.125,100,2.106,98,2.1,103,2.159,106,2.207,109,2.211,106,2.194,105,2.212,121,2.32,120,2.296,120,2.296,120,2.296,2.212
Guinea,10.5,5.5,33.7,2012,12.3,18.4,8.0,100,2.125,100,2.106,98,2.1,103,2.159,106,2.207,109,2.211,106,2.194,105,2.212,121,2.32,120,2.296,120,2.296,120,2.296,2.212
Guinea,10.5,5.5,33.7,2012,12.4,19.8,6.7,100,2.125,100,2.106,98,2.1,103,2.159,106,2.207,109,2.211,106,2.194,105,2.212,121,2.32,120,2.296,120,2.296,120,2.296,2.212
Guinea,10.5,5.5,33.7,2012,3.6,5.2,1.9,100,2.125,100,2.106,98,2.1,103,2.159,106,2.207,109,2.211,106,2.194,105,2.212,121,2.32,120,2.296,120,2.296,120,2.296,2.212
Guyana,,,44.6,1998,40.9,65.0,17.0,92,2.075,83,2.041,84,2.029,99,2.122,93,2.095,81,2.05,76,2.038,74,2.033,94,2.137,102,2.169,108,2.177,105,2.141,2.075
Haiti,54.4,8.6,41.1,2012,11.2,14.9,8.0,87,2.052,87,2.054,89,2.05,85,2.065,91,2.088,105,2.178,74,2.016,79,2.07,98,2.15,107,2.204,117,2.25,121,2.3,2.07
Honduras,59.4,17.1,52.1,2018,2.6,4.4,1.0,123,2.341,116,2.276,108,2.193,115,2.232,109,2.226,113,2.251,115,2.263,121,2.32,122,2.327,134,2.421,122,2.323,122,2.304,2.276
Hungary,5.5,4.9,30.6,2017,11.8,19.1,5.5,21,1.54,22,1.542,15,1.503,19,1.502,20,1.519,18,1.51,19,1.542,18,1.557,21,1.59,19,1.544,20,1.558,14,1.427,1.503
Iceland,,4.0,26.8,2015,11.2,18.7,3.5,1,1.072,1,1.096,1,1.084,1,1.138,1,1.142,1,1.16,1,1.164,1,1.159,1,1.099,1,1.143,1,1.16,1,1.111,1.142
India,8.6,5.5,37.8,2011,12.9,14.7,11.1,141,2.605,137,2.517,137,2.545,141,2.565,144,2.557,142,2.54,141,2.546,144,2.627,147,2.714,144,2.683,143,2.543,143,2.477,2.714
Indonesia,7.8,6.6,39.0,2018,2.6,4.0,1.2,41,1.785,55,1.854,52,1.84,45,1.798,48,1.812,54,1.86,48,1.828,49,1.836,54,1.859,50,1.852,50,1.857,52,1.859,1.854
Iran,17.2,7.7,40.8,2017,5.1,7.5,2.8,139,2.542,130,2.419,126,2.344,133,2.37,137,2.453,138,2.46,139,2.503,136,2.468,137,2.477,127,2.36,118,2.28,135,2.412,2.344
Iraq,,4.4,29.5,2012,4.7,7.3,2.4,159,3.369,160,3.436,161,3.516,162,3.53,160,3.481,159,3.266,159,3.196,159,3.234,162,3.411,161,3.6,161,3.616,161,3.681,3.234
Ireland,9.4,5.0,32.8,2016,8.9,14.3,3.6,12,1.39,11,1.394,13,1.417,14,1.423,14,1.422,12,1.419,12,1.435,9,1.43,14,1.481,11,1.439,15,1.468,7,1.367,1.423
Israel,13.4,8.5,39.0,2016,5.2,8.3,2.1,146,2.735,146,2.756,145,2.745,146,2.741,145,2.721,147,2.681,150,2.743,151,2.805,154,2.866,151,2.922,151,2.884,150,2.884,2.741
Italy,11.6,7.0,35.9,2017,4.3,6.7,2.1,39,1.754,39,1.772,39,1.744,40,1.761,42,1.761,39,1.753,46,1.806,47,1.819,44,1.814,56,1.882,37,1.765,31,1.676,1.744
Jamaica,17.3,,45.5,2004,2.3,3.6,1.0,83,2.038,93,2.079,94,2.072,92,2.094,96,2.115,101,2.156,104,2.193,108,2.229,103,2.174,83,2.059,86,2.039,87,2.041,2.038
Japan,4.5,5.4,32.9,2013,12.2,17.5,6.9,9,1.369,8,1.381,10,1.377,9,1.374,5,1.315,6,1.33,4,1.309,4,1.346,4,1.333,3,1.328,4,1.33,4,1.325,1.309
Jordan,11.3,5.2,33.7,2010,2.0,3.0,0.9,77,2.012,97,2.101,102,2.12,83,2.049,80,2.028,65,1.946,70,1.981,66,1.982,59,1.93,65,1.948,67,1.935,68,1.927,1.948
Kazakhstan,8.5,3.8,27.5,2017,18.1,30.9,6.9,64,1.932,69,1.963,69,1.958,76,2.01,78,2.021,92,2.097,72,1.999,88,2.1,84,2.089,95,2.123,100,2.11,98,2.09,1.958
Kenya,13.6,7.7,40.8,2015,11.0,18.1,5.3,119,2.3,120,2.3,124,2.33,131,2.339,129,2.332,128,2.378,132,2.431,130,2.395,138,2.487,141,2.545,144,2.558,124,2.337,2.332
North Korea,,,30.0,2018,8.2,10.6,6.3,151,2.995,154,3.171,154,3.2,154,3.218,156,3.284,157,3.242,157,3.172,161,3.292,160,3.285,159,3.202,157,3.121,158,3.121,3.171
South Korea,7.8,5.3,31.6,2012,21.2,29.7,13.4,55,1.867,46,1.817,43,1.793,46,1.8,43,1.762,46,1.797,41,1.787,44,1.81,58,1.902,45,1.822,42,1.796,43,1.782,1.81
Kuwait,,,30.0,2018,2.7,3.8,0.7,43,1.794,50,1.831,49,1.823,38,1.749,33,1.696,28,1.643,27,1.651,30,1.691,20,1.581,21,1.608,27,1.659,28,1.652,1.831
Laos,8.3,5.9,36.4,2012,6.0,8.6,3.5,46,1.801,47,1.818,46,1.813,52,1.857,47,1.81,48,1.809,50,1.849,53,1.871,51,1.847,47,1.825,60,1.912,63,1.913,1.871
Latvia,11.6,5.8,35.6,2017,16.1,29.0,4.6,35,1.718,30,1.679,31,1.671,33,1.666,35,1.707,34,1.657,36,1.694,37,1.744,37,1.746,36,1.742,36,1.746,27,1.643,1.671
Lebanon,,5.1,31.8,2011,2.8,3.9,1.7,147,2.8,147,2.79,148,2.804,148,2.755,146,2.73,148,2.735,148,2.669,143,2.606,151,2.774,147,2.76,146,2.796,151,2.888,2.774
Lesotho,39.8,20.8,44.9,2017,87.5,146.9,34.6,103,2.167,104,2.144,92,2.065,67,1.955,61,1.915,55,1.865,55,1.884,56,1.894,65,1.949,60,1.918,63,1.922,66,1.922,2.065
Liberia,12.8,5.9,35.3,2016,7.4,9.4,5.5,59,1.889,63,1.933,90,2.059,71,1.988,67,1.951,59,1.906,66,1.946,70,1.994,77,2.035,86,2.077,87,2.043,91,2.054,1.988
Libya,,,30.0,2018,4.5,6.1,2.9,156,3.285,157,3.283,158,3.34,155,3.219,151,3.048,137,2.455,147,2.655,152,2.839,149,2.755,67,1.953,80,2.003,84,2.033,3.283
Lithuania,10.4,7.2,37.3,2017,20.2,36.1,6.2,40,1.779,44,1.814,50,1.824,48,1.813,37,1.719,43,1.778,49,1.834,48,1.825,34,1.733,51,1.858,50,1.857,55,1.862,1.824
North Macedonia,12.5,7.3,34.2,2017,7.2,11.0,3.5,65,1.933,88,2.06,103,2.129,98,2.118,83,2.041,83,2.066,83,2.081,71,1.997,67,1.962,76,2.014,89,2.052,78,2.006,2.129
Madagascar,19.2,8.7,42.6,2012,9.2,13.3,5.4,55,1.867,57,1.86,59,1.914,54,1.866,57,1.902,68,1.966,98,2.142,107,2.223,108,2.211,77,2.016,75,1.994,38,1.73,2.223
Malawi,10.9,8.1,44.7,2016,10.6,20.0,3.3,38,1.728,36,1.749,38,1.734,37,1.726,36,1.715,38,1.719,40,1.769,46,1.814,45,1.819,33,1.71,30,1.686,33,1.7,1.726
Malaysia,22.1,8.2,41.0,2015,5.8,9.0,2.4,16,1.529,25,1.616,30,1.65,29,1.635,25,1.585,25,1.579,23,1.585,24,1.611,19,1.54,23,1.618,26,1.657,26,1.635,1.585
Mali,12.5,5.2,33.0,2009,8.0,10.5,5.7,145,2.71,144,2.685,144,2.696,141,2.565,143,2.546,134,2.418,125,2.329,113,2.28,111,2.251,118,2.266,125,2.346,127,2.347,2.346
Mauritania,12.0,5.4,32.6,2014,5.5,7.4,3.9,122,2.333,127,2.353,129,2.361,124,2.279,131,2.385,124,2.322,117,2.273,129,2.392,132,2.421,126,2.348,140,2.51,133,2.378,2.322
Mauritius,,5.9,36.8,2017,8.8,15.0,2.5,25,1.606,24,1.592,26,1.616,31,1.648,27,1.638,30,1.648,30,1.669,28,1.686,30,1.69,30,1.701,25,1.637,23,1.61,1.616
Mexico,21.6,8.8,45.4,2018,5.3,8.7,2.2,140,2.6,141,2.64,142,2.631,139,2.548,142,2.544,145,2.573,142,2.563,142,2.581,129,2.405,110,2.212,115,2.238,106,2.153,2.64
Moldova,8.2,3.6,25.7,2018,12.2,22.1,3.3,68,1.951,63,1.933,64,1.944,63,1.949,62,1.923,63,1.939,68,1.959,69,1.99,71,2.004,73,2.001,73,1.978,82,2.028,1.933
Mongolia,8.2,5.1,32.7,2018,18.0,31.1,5.6,42,1.792,42,1.807,44,1.802,49,1.83,40,1.75,41,1.771,59,1.91,55,1.89,50,1.844,82,2.048,88,2.05,88,2.043,1.807
Montenegro,,4.8,39.0,2015,16.2,25.4,7.9,67,1.939,59,1.892,65,1.949,57,1.878,66,1.949,64,1.941,58,1.908,82,2.082,95,2.143,94,2.122,103,2.15,112,2.2,1.949
Morocco,11.7,7.0,39.5,2013,7.3,10.1,4.7,90,2.07,77,2.017,78,2.018,90,2.082,85,2.051,82,2.063,79,2.048,84,2.084,76,2.027,71,1.996,72,1.977,72,1.98,2.048
Mozambique,18.8,14.2,54.0,2014,23.2,42.6,8.9,94,2.099,85,2.051,79,2.019,65,1.951,69,1.957,76,2.012,56,1.901,50,1.841,57,1.897,46,1.823,46,1.814,45,1.788,2.012
Myanmar,,6.3,30.7,2017,3.0,5.1,1.1,125,2.393,123,2.328,106,2.187,117,2.25,130,2.337,115,2.266,120,2.3,126,2.357,126,2.341,133,2.413,133,2.417,134,2.393,2.187
Namibia,106.6,22.8,59.1,2015,13.5,24.9,4.4,60,1.892,42,1.807,47,1.822,52,1.857,53,1.863,53,1.848,53,1.878,59,1.916,68,1.965,79,2.019,83,2.019,82,2.028,1.863
Nepal,15.8,5.0,32.8,2010,9.8,18.6,2.9,76,2.003,88,2.06,88,2.048,74,2.003,54,1.885,70,1.981,80,2.057,92,2.11,107,2.207,97,2.138,81,2.009,81,2.024,2.138
Netherlands,9.2,4.2,28.5,2017,9.3,12.5,6.1,17,1.53,19,1.528,21,1.54,20,1.526,22,1.527,21,1.538,20,1.549,21,1.577,23,1.611,25,1.635,21,1.599,19,1.578,1.54
New Zealand,12.4,,30.0,2018,10.3,15.4,5.4,2,1.221,2,1.188,2,1.216,3,1.238,3,1.263,3,1.271,3,1.291,3,1.276,2,1.255,2,1.251,2,1.26,2,1.261,1.188
Nicaragua,31.0,10.2,46.2,2014,4.7,7.8,1.9,120,2.312,66,1.935,71,1.978,68,1.959,76,2.003,61,1.934,64,1.941,72,2.003,61,1.935,55,1.88,55,1.869,60,1.883,1.934
Niger,46.0,5.4,34.3,2014,10.1,14.1,6.4,126,2.394,132,2.444,133,2.415,119,2.268,128,2.329,89,2.094,97,2.132,99,2.156,91,2.13,99,2.162,106,2.164,107,2.168,2.094
Niger,46.0,5.4,34.3,2014,6.9,10.1,3.8,126,2.394,132,2.444,133,2.415,119,2.268,128,2.329,89,2.094,97,2.132,99,2.156,91,2.13,99,2.162,106,2.164,107,2.168,2.094
Norway,6.1,4.1,27.0,2017,9.9,13.4,6.3,20,1.536,16,1.515,16,1.504,18,1.488,18,1.483,24,1.556,18,1.53,19,1.563,15,1.482,9,1.407,7,1.388,6,1.365,1.504
Oman,,,30.0,2018,4.5,6.4,1.1,69,1.953,71,1.974,61,1.922,72,1.995,81,2.038,69,1.97,62,1.93,58,1.901,47,1.828,26,1.65,31,1.701,30,1.672,1.974
Pakistan,6.5,4.8,33.5,2015,9.8,14.6,4.8,153,3.072,151,3.094,152,3.08,153,3.132,154,3.138,154,3.105,158,3.174,158,3.098,158,3.11,158,3.188,158,3.247,157,3.018,3.138
Panama,49.9,15.9,49.2,2018,2.9,4.8,1.0,47,1.804,49,1.824,47,1.822,50,1.831,64,1.948,60,1.907,54,1.879,54,1.885,52,1.849,61,1.919,44,1.807,51,1.858,1.824
Paraguay,38.8,11.7,46.2,2018,6.2,9.0,3.3,88,2.055,76,2.001,68,1.956,79,2.027,88,2.077,79,2.029,84,2.084,61,1.972,63,1.942,75,2.005,68,1.939,58,1.881,2.001
Peru,26.1,10.3,42.8,2018,2.7,4.1,1.4,80,2.016,73,1.982,73,1.985,84,2.062,92,2.093,102,2.158,104,2.193,101,2.169,97,2.148,99,2.162,82,2.01,97,2.088,1.982
Philippines,15.5,7.2,44.4,2015,2.5,3.9,1.3,134,2.516,138,2.523,136,2.518,137,2.501,140,2.514,140,2.505,135,2.464,138,2.5,136,2.453,137,2.465,134,2.423,130,2.355,2.514
Poland,8.8,4.6,29.7,2017,9.3,16.5,2.4,29,1.654,32,1.728,33,1.688,21,1.549,19,1.503,20,1.524,22,1.568,23,1.603,26,1.628,34,1.714,28,1.663,29,1.655,1.688
Portugal,15.0,6.4,33.8,2017,7.2,11.6,3.5,3,1.274,5,1.315,3,1.273,5,1.324,12,1.418,16,1.466,17,1.525,16,1.52,16,1.485,14,1.472,13,1.437,10,1.387,1.273
Qatar,,,30.0,2018,4.7,5.7,1.7,31,1.696,41,1.785,23,1.562,26,1.603,29,1.64,23,1.549,24,1.588,17,1.535,17,1.487,15,1.483,12,1.429,24,1.618,1.785
Romania,7.5,8.0,36.0,2017,7.3,12.6,2.4,24,1.562,20,1.53,19,1.528,22,1.557,21,1.526,19,1.511,16,1.516,22,1.595,24,1.613,21,1.608,23,1.614,22,1.599,1.528
Russia,12.7,6.6,37.5,2018,21.6,38.2,7.2,154,3.093,153,3.163,153,3.117,152,3.118,154,3.138,155,3.125,156,3.008,157,3.005,156,2.992,156,3.125,154,2.98,149,2.876,3.163
Rwanda,18.6,8.5,43.7,2016,9.5,14.8,5.0,79,2.014,103,2.139,104,2.132,111,2.215,110,2.228,125,2.336,124,2.326,104,2.199,101,2.164,93,2.12,96,2.09,65,1.918,2.215
Saudi Arabia,,,30.0,2018,5.4,7.8,1.9,129,2.409,128,2.382,128,2.346,110,2.212,99,2.139,100,2.148,110,2.22,119,2.315,114,2.263,125,2.347,121,2.309,131,2.36,2.382
Senegal,12.3,7.7,40.3,2011,11.0,18.5,5.2,58,1.883,54,1.85,63,1.941,70,1.972,57,1.902,72,1.987,75,2.034,76,2.05,89,2.128,99,2.162,90,2.054,89,2.051,2.128
Serbia,,4.2,36.2,2017,7.9,12.2,3.9,50,1.812,55,1.854,55,1.88,58,1.888,60,1.914,74,1.999,86,2.089,93,2.114,83,2.079,90,2.11,93,2.075,86,2.039,1.88
Sierra Leone,87.2,5.4,35.7,2018,11.3,14.8,8.2,52,1.822,34,1.737,40,1.751,41,1.772,45,1.792,42,1.777,47,1.821,60,1.917,56,1.895,49,1.847,52,1.862,56,1.867,1.737
Singapore,17.7,,30.0,2018,9.7,12.7,6.4,7,1.347,9,1.382,12,1.4,11,1.393,10,1.387,11,1.416,14,1.455,13,1.441,13,1.461,16,1.486,18,1.518,20,1.58,1.382
Slovakia,6.7,4.1,25.2,2016,9.3,16.7,2.6,23,1.55,23,1.564,27,1.627,25,1.594,23,1.539,22,1.543,25,1.591,20,1.573,22,1.592,20,1.548,19,1.529,18,1.542,1.594
Slovenia,5.9,3.7,24.2,2017,14.0,22.7,5.5,8,1.355,10,1.39,9,1.373,10,1.39,13,1.421,14,1.43,11,1.434,11,1.438,6,1.388,6,1.387,7,1.388,12,1.39,1.373
Somalia,,,30.0,2018,14.7,22.8,7.1,163,3.574,162,3.576,162,3.519,160,3.465,159,3.425,160,3.288,161,3.316,160,3.279,159,3.167,157,3.163,159,3.312,159,3.204,3.576
South Africa,33.1,28.4,63.0,2014,23.5,37.9,9.8,127,2.399,125,2.335,125,2.336,130,2.309,134,2.428,127,2.372,126,2.332,116,2.299,120,2.312,123,2.331,128,2.364,108,2.173,2.372
Spain,10.3,7.3,34.7,2017,5.3,7.9,2.8,32,1.699,29,1.676,22,1.552,24,1.582,24,1.556,27,1.63,29,1.667,27,1.668,36,1.739,44,1.807,41,1.782,37,1.721,1.552
Sri Lanka,11.1,6.8,39.8,2016,12.9,20.9,6.1,72,1.986,70,1.964,72,1.98,95,2.101,108,2.225,104,2.176,111,2.221,117,2.303,144,2.64,149,2.793,141,2.515,140,2.467,2.101
Sudan,,6.2,35.4,2009,6.7,10.4,3.4,149,2.921,150,2.95,150,2.968,150,2.945,150,2.976,152,2.968,154,2.958,155,2.944,157,3.061,152,2.996,152,2.947,156,2.947,2.947
Sudan,,6.2,35.4,2009,4.8,6.3,3.3,149,2.921,150,2.95,150,2.968,150,2.945,150,2.976,152,2.968,154,2.958,155,2.944,157,3.061,152,2.996,152,2.947,156,2.947,2.947
Sweden,6.2,4.6,28.8,2017,12.4,16.9,7.7,18,1.533,15,1.507,14,1.489,13,1.42,9,1.383,7,1.375,9,1.399,8,1.409,7,1.409,7,1.39,6,1.382,11,1.389,1.489
Switzerland,9.0,5.2,32.7,2017,9.8,14.2,5.7,10,1.375,7,1.379,7,1.368,8,1.369,16,1.443,13,1.424,10,1.421,10,1.435,5,1.383,13,1.464,16,1.496,17,1.495,1.368
Syria,,,35.8,2004,2.1,3.5,0.8,161,3.526,161,3.525,160,3.462,161,3.524,161,3.491,156,3.23,146,2.65,141,2.561,143,2.591,163,,163,,163,,3.526
Tajikistan,7.8,5.6,34.0,2015,5.3,7.4,3.4,105,2.196,117,2.279,118,2.264,128,2.304,114,2.237,126,2.355,116,2.265,103,2.189,109,2.212,113,2.226,116,2.248,116,2.25,2.237
Tanzania,9.2,6.2,40.5,2017,8.2,13.5,3.7,54,1.86,52,1.84,51,1.825,51,1.847,52,1.857,51,1.833,44,1.799,40,1.772,35,1.735,38,1.761,39,1.772,44,1.783,1.825
Thailand,12.6,6.0,36.4,2018,8.0,13.9,2.3,117,2.278,114,2.266,120,2.285,128,2.304,135,2.43,135,2.444,137,2.482,139,2.507,135,2.45,138,2.482,139,2.49,137,2.423,2.266
East Timor,,4.1,28.7,2014,4.5,6.7,2.4,63,1.914,61,1.907,62,1.94,68,1.959,73,1.962,73,1.988,61,1.926,62,1.974,64,1.946,68,1.958,38,1.771,42,1.769,1.988
Togo,,9.7,43.1,2015,14.8,24.0,6.5,108,2.205,99,2.103,67,1.954,65,1.951,70,1.958,71,1.985,67,1.951,64,1.98,69,2.0,74,2.004,78,2.0,76,2.002,1.958
Trinidad and Tobago,12.9,,40.3,1992,8.3,13.1,3.7,93,2.094,86,2.053,96,2.089,88,2.073,95,2.111,94,2.103,89,2.097,95,2.128,81,2.055,88,2.085,85,2.034,101,2.121,2.094
Tunisia,13.4,5.2,32.8,2015,3.2,4.6,1.8,82,2.035,75,2.0,70,1.976,63,1.949,75,1.997,84,2.077,90,2.106,85,2.092,53,1.851,40,1.789,44,1.807,46,1.812,1.997
Turkey,6.6,8.5,41.9,2018,2.3,3.6,1.2,152,3.015,149,2.909,147,2.802,144,2.714,138,2.496,141,2.518,143,2.578,133,2.446,134,2.441,139,2.486,142,2.541,138,2.44,2.909
Turkmenistan,12.3,,40.8,1999,6.1,9.4,2.9,115,2.265,119,2.283,116,2.256,108,2.2,105,2.198,107,2.189,109,2.218,112,2.261,104,2.196,116,2.241,104,2.158,118,2.267,2.265
Uganda,16.6,8.2,42.8,2016,10.4,19.4,3.7,105,2.196,107,2.176,105,2.179,102,2.138,115,2.239,118,2.281,103,2.192,118,2.308,125,2.34,128,2.361,132,2.414,145,2.53,2.138
Ukraine,5.9,3.5,26.1,2018,17.7,32.7,4.7,150,2.95,152,3.147,155,3.213,156,3.28,152,3.059,144,2.562,119,2.298,94,2.125,102,2.171,114,2.228,111,2.203,104,2.127,3.147
United Arab Emirates,,,32.5,2014,5.2,6.3,2.6,53,1.847,45,1.816,56,1.883,43,1.783,44,1.767,37,1.708,28,1.665,32,1.7,28,1.649,28,1.669,29,1.685,39,1.738,1.708
United Kingdom,13.8,5.4,34.8,2016,6.9,10.4,3.4,45,1.801,50,1.831,42,1.789,47,1.806,51,1.844,56,1.868,52,1.876,52,1.859,55,1.876,53,1.871,48,1.84,46,1.812,1.806
United States,18.5,9.4,41.4,2016,14.5,22.4,6.8,128,2.401,124,2.332,123,2.311,109,2.203,119,2.256,116,2.269,118,2.283,115,2.29,116,2.284,122,2.32,124,2.337,117,2.257,2.203
Uruguay,11.8,7.8,39.7,2018,18.8,31.1,7.7,34,1.711,37,1.754,35,1.703,35,1.715,41,1.759,36,1.698,35,1.689,35,1.728,27,1.647,31,1.703,33,1.714,33,1.7,1.754
Uzbekistan,10.6,,35.3,2003,8.3,11.8,4.9,102,2.166,104,2.144,101,2.117,107,2.198,120,2.258,117,2.271,123,2.321,124,2.334,118,2.297,119,2.267,113,2.226,118,2.267,2.166
Venezuela,18.8,15.8,46.9,2006,2.1,3.7,0.7,144,2.671,142,2.643,141,2.608,143,2.601,139,2.51,132,2.401,129,2.365,128,2.379,133,2.426,135,2.435,129,2.377,125,2.344,2.671
Vietnam,6.9,6.2,35.7,2018,7.2,10.6,4.2,57,1.877,62,1.911,58,1.91,59,1.894,55,1.888,50,1.83,51,1.868,51,1.85,49,1.843,57,1.905,57,1.883,54,1.86,1.911
Yemen,8.6,6.1,36.7,2014,7.1,9.0,5.3,160,3.412,158,3.308,157,3.316,157,3.287,148,2.84,148,2.735,152,2.755,150,2.79,148,2.735,145,2.686,138,2.484,129,2.35,2.735
Zambia,,21.1,57.1,2015,14.4,25.7,5.3,49,1.805,48,1.821,41,1.78,42,1.774,50,1.817,45,1.793,38,1.724,44,1.81,33,1.721,48,1.839,54,1.864,57,1.879,1.817
Zimbabwe,,8.6,44.3,2017,23.6,37.8,13.5,132,2.463,126,2.34,122,2.297,117,2.25,113,2.235,130,2.387,138,2.501,140,2.528,146,2.695,146,2.752,149,2.831,141,2.472,2.297
